"Absolute rotary encoder","Hoeksensor","EN","NL"
"Accumulator","Accumulator ","EN","NL"
"Actuator cover","Kap actuator","EN","NL"
"Adapter plate","Adapterplaat","EN","NL"
"Adaptor ","Draadadapter","EN","NL"
"AdBlue tank","AdBlue tank","EN","NL"
"Adjustable male stud coupling","Lange koppeling","EN","NL"
"Adjustable male stud elbow","Instelbare haakse koppeling","EN","NL"
"Adjustable male stud L","Instelbare L-koppeling","EN","NL"
"Adjustment screw","Stelschroeven ","EN","NL"
"Adjusting plate extendable axle","Stelplaat schuifstukken","EN","NL"
"Adjustment cover","Aanpassingsdeksel","EN","NL"
"Air conditioner hose","Airco slang pomp-condensor","EN","NL"
"Air conditioning compressor","Aircocompressor","EN","NL"
"Air coupling","Snelsluiting insteekkoppeling","EN","NL"
"Air dryer","Luchtdroger ","EN","NL"
"Air filter mounting plate","Montageplaat luchtfilter","EN","NL"
"Air hose","Compressorslang","EN","NL"
"Air hose guide tube","Geleidingsbuis Luchtslang","EN","NL"
"Air inlet knee","Luchtinlaat bocht","EN","NL"
"Air intake gasket","Luchtinlaatpakking","EN","NL"
"Air intake pipe ","Luchtinlaatbuis","EN","NL"
"Air pressure switch","Luchtdrukschakelaar","EN","NL"
"Air tank","Drukvat","EN","NL"
"Air filter","Luchtfilter","EN","NL"
"Airhorn","Luchthoorn ","EN","NL"
"Adjustable plate","Verstelling vergrendelkogel","EN","NL"
"Amber beacon","Zwaailamp","EN","NL"
"Anti leakage valve","Anti zak ventiel hef","EN","NL"
"Anti slip","Antislip","EN","NL"
"Anti-leakage","Antilek","EN","NL"
"Arrow steering angle - Fixed","Aanwijzer stuurhoek voorvork","EN","NL"
"Assemble cutter head","Samenstelling snijder","EN","NL"
"Assembly block","Bevestigingsblok","EN","NL"
"Assembly license plate light slurry tank","Kentekenplaathouder compleet","EN","NL"
"Assembly slurry tank light","Samenstelling lamp mesttank","EN","NL"
"Backet sliding arm","Oplegpunt schuifbare arm","EN","NL"
"Ball","Kogel ","EN","NL"
"Ball joint","Kogelgewricht","EN","NL"
"Ball joint","Kogelgewricht ","EN","NL"
"Ball loose ","Bol","EN","NL"
"Ball valve","Kogelkraan","EN","NL"
"Banjo","Banjo","EN","NL"
"Banjo coupling","Banjo koppeling","EN","NL"
"Bar gates","Geleiderekken","EN","NL"
"Base hose carrying hook","Voet slangenbeugels","EN","NL"
"Battery","Accu","EN","NL"
"Bearing attachment","Bevestiging lager ","EN","NL"
"Bearing bush","Lagerbus vlotter","EN","NL"
"Bearing Potentiometer","Lagering potmeter","EN","NL"
"Beet harvester","Bietenrooier","EN","NL"
"Bellow","Beschermhoes","EN","NL"
"Belt cover","Afschermkap","EN","NL"
"Blind plate","Bindplaat ","EN","NL"
"Blind plug","Blindplug","EN","NL"
"Blind Rivet  ","Blindklinknagel","EN","NL"
"Blind rivet nut","Blindklinkmoer","EN","NL"
"Block Danfoss hydro motor","Blok danfoss hydro motor","EN","NL"
"Block drum","Vulblok ","EN","NL"
"Blok Rexroth hydro motor","Blok Rexroth hydro motor","EN","NL"
"Bodywork washer","Carrosseriering","EN","NL"
"Bolt","Bout ","EN","NL"
"Bolt star coupling","Bout sterkoppeling","EN","NL"
"Bonded seal ","Usit ring","EN","NL"
"Bottom plate","Lasplaatje","EN","NL"
"Bracket","Verstevigingsstrip","EN","NL"
"Bracket","Bevestigingsbeugel","EN","NL"
"Bracket","Oplegpunt","EN","NL"
"Bracket","Steun zijmarkeerverlichting","EN","NL"
"Bracket exchangeable pump seat","Beugel wisselbare pompstoel","EN","NL"
"Bracket exhaust pipe","Montagebeugel uitlaat","EN","NL"
"Bracket flex","Steunbeugel Zuigslang","EN","NL"
"Bracket for plate in front of cabin","Montagehoek motorisolatie","EN","NL"
"Bracket license plate light","Steun kijkglas verlichting","EN","NL"
"Bracket mudguards LH slurry tank","Verbindingstrip spatbord L","EN","NL"
"Bracket mudguards RH slurry tank","Verbinding spatbord R","EN","NL"
"Bracket pivot pin steering ram","Stuurpenhouder","EN","NL"
"Bracket swivel joint","Bevestigingsplaat draaikrans","EN","NL"
"Bracket wiring harness","Montageplaat Kabelboom","EN","NL"
"Brake calliper sealing set","Afdichtset remklauw","EN","NL"
"Brake line","Remleiding","EN","NL"
"Brake pad","Remblok ","EN","NL"
"Brake pedal","Rempedaal","EN","NL"
"Brakes","Remmen","EN","NL"
"Breather","Ontluchter","EN","NL"
"Bronze pinion Bushing","Bronzen ring","EN","NL"
"Bunker","Bunker","EN","NL"
"Bush","Rekbus","EN","NL"
"Bushing assembly floater","Lagerbus votter samengesteld","EN","NL"
"Bushing king pin steering knuckle","Bus fuseepen","EN","NL"
"Butterfly nut","Vleugelmoer","EN","NL"
"Cable","Kabel","EN","NL"
"Cable caterpillar","Kabelrups","EN","NL"
"Cable connector","Connectorhouder","EN","NL"
"Cable gland","Kabelwartel ","EN","NL"
"Cable guide","Kabelgeleider","EN","NL"
"Cable tray","Kabelgoot","EN","NL"
"Calliper","Remklauw","EN","NL"
"Cam ","Haak ","EN","NL"
"Camera","Camera","EN","NL"
"Cap","Dop ","EN","NL"
"Cap expansion tank","Dop expansietank","EN","NL"
"Capacity","Inhoud","EN","NL"
"Carabiner","Karabijnhaak","EN","NL"
"Catcher hose carrying hook","Vanghaak aan slangenbeugel","EN","NL"
"Centamax clutch","Centamax koppeling","EN","NL"
"Centre position ","Middenstand","EN","NL"
"Centre tube","Midden buis","EN","NL"
"Chain","Ketting","EN","NL"
"Check valve","Terugslagklep","EN","NL"
"Check valve ","Terugslagklep","EN","NL"
"Cylinder guidance","Cilinder geleiding","EN","NL"
"Clamp block","Klemstuk schuif mesafsluiting","EN","NL"
"Clamp fixing part","Bevestigingsblok schommelas","EN","NL"
"Clamp part","Bevestigingsblok","EN","NL"
"Clamp plate","Klemplaat","EN","NL"
"Clamp strip","Klemstrip ","EN","NL"
"Clamping plate","Klemplaat","EN","NL"
"Clamping ring","Klemring","EN","NL"
"Cleaning turbine","Reinigingszon","EN","NL"
"Clip strip","Bevestigingsband","EN","NL"
"Closure","Sluiting","EN","NL"
"Clutch + tule","Koppeling met tule","EN","NL"
"Clutch hub","Naaf koppeling","EN","NL"
"Coil","Elektromagneet","EN","NL"
"Collector pre-assembly","Voormontage collector zijaansluitingen","EN","NL"
"Combi-cooler","Combi-koeler","EN","NL"
"Composition expendable axle","Stabilisatie as","EN","NL"
"Compression latch","Compressievergrendeling","EN","NL"
"Compressor line","Compressorleiding","EN","NL"
"Conditioning condenser","Condensor","EN","NL"
"Connecting flange","Aansluitflens","EN","NL"
"Connecting flange","Pompflens","EN","NL"
"Connecting piece","Versterkingstrip","EN","NL"
"Connection","Verbinding","EN","NL"
"Connection  ","Verbinding ","EN","NL"
"Connection tube","Verbindingsbuis","EN","NL"
"Connector plate  ","Connectorplaat  ","EN","NL"
"Connector plate mounted","Connectorplaat compleet","EN","NL"
"Contrast strip ","Contrastrip ","EN","NL"
"Control arm potentiometer","Bedieningsstang potmeter","EN","NL"
"Control station","Bedieningskast","EN","NL"
"Control valve","Stuurschuif","EN","NL"
"Cooling water hose","Kachelslang","EN","NL"
"Counter nut","Contramoer","EN","NL"
"Coupling","Opschroefkoppeling","EN","NL"
"Coupling","Koppeling","EN","NL"
"Coupling camera","Schotkoppeling camera","EN","NL"
"Coupling plate","Koppelplaat","EN","NL"
"Cover","Deksel","EN","NL"
"Cover","Aanzuigbak","EN","NL"
"Cover","Afdekkap","EN","NL"
"Cover","Blinddeksel","EN","NL"
"Cover engine exhaust system","Afschermkap uitlaat","EN","NL"
"Cover oil pot","Deksel oliepotje","EN","NL"
"Cover plate","Afdekplaat
","EN","NL"
"Cover plate","Afschermplaat","EN","NL"
"Cover plate","Afdekplaat","EN","NL"
"Cover plate","Afdekplaat / Dekplaat","EN","NL"
"Cover plate","Afschermblik","EN","NL"
"Cover plate","Afsluitblik","EN","NL"
"Cover rear light","Deksel achterlicht","EN","NL"
"Cover stone catcher","Deksel stenenvanger","EN","NL"
"Cover tube","Deksel buis","EN","NL"
"Curve suction crane","Bovenbocht zuigarm","EN","NL"
"Custom mirror support","Aangepaste spiegelsteun","EN","NL"
"Cutter","Snijder","EN","NL"
"Cutter head without knife","Snijderkop zonder mes","EN","NL"
"Cutter knife","Snijdermes ","EN","NL"
"Cutter motor clutch","Koppeling snijdermotor","EN","NL"
"Cylinder","Cilinder ","EN","NL"
"Cylinder soil dozer","Cilinder grondschuif","EN","NL"
"Cylinder suction bracket","Cilinder borgen zuigarm","EN","NL"
"Cylinderhead / Nut cylinder","Cilinderkop","EN","NL"
"Cylindermount","Cilinderbevestiging ","EN","NL"
"Damper mounting bracket","Beugel demping zuigarm","EN","NL"
"Deep groove ball bearing ","Gleitringhouder","EN","NL"
"Demountable","Schroefbaar","EN","NL"
"Depth control","Diepteregeling","EN","NL"
"Sealing","Afdichting","EN","NL"
"Diffuser","Diffuser","EN","NL"
"Diffusor","Diffusor","EN","NL"
"Discharge elevator","Losband","EN","NL"
"Discharge elevator","Losband","EN","NL"
"Distribution block grease lubrication","Verdeelblok - mestgedeelte","EN","NL"
"Distribution part","Persbocht overpomp","EN","NL"
"Door","Deur","EN","NL"
"Doorstop","Deuruitzetter","EN","NL"
"Double end stud","Tapeind","EN","NL"
"Double tapered sleeve ","Knelring","EN","NL"
"Double-controlled","Dubbel gestuurde","EN","NL"
"Dowel pin of hardened steel","Paspen","EN","NL"
"Drip pan","Lekbak zuigarm Engeland","EN","NL"
"Drip tray","Lekbak","EN","NL"
"Drive ","Aandrijving ","EN","NL"
"Driven axle","Aangedreven as","EN","NL"
"D-Shackle","D-sluiting","EN","NL"
"Duplexpump","Duplexpomp","EN","NL"
"Elbow","Haakse nippel","EN","NL"
"Elbow","Inlaatbocht","EN","NL"
"Elbow  ","Knie ","EN","NL"
"Elbow on swivel joint","Scharnierstuk boven draaikrans","EN","NL"
"End bend","Bol boutbaar","EN","NL"
"End cap","Stop","EN","NL"
"End element","Eindelement","EN","NL"
"Engine","Motor","EN","NL"
"Engine mount","Motorsteun","EN","NL"
"Engine support","Motorsteun","EN","NL"
"Engine","Motor","EN","NL"
"Excluder","Excluder","EN","NL"
"Exhaust","Uitlaat","EN","NL"
"Exhaust","Uitlaatbocht","EN","NL"
"Exhaust bracket","Uitlaatsteun","EN","NL"
"Exhaust on frame","Uitlaatbuis","EN","NL"
"Exhaust pipe","Uitlaat","EN","NL"
"Exhaust pipe","Uitlaatbuis","EN","NL"
"Exhaust pipe gasket","Uitlaatpijppakking","EN","NL"
"Exhaust pipe upper guard","Uitlaatafscherming bovendeel","EN","NL"
"Exhaust silencer","Uitlaatdemper","EN","NL"
"Exhaustpipe bracket","Uitlaatbeugel","EN","NL"
"Expansion valve","Drukreduceerventiel","EN","NL"
"Extending part","Buitenste stuk","EN","NL"
"Extension bracket mudguard extra axle slurry tank","Verlengstuk steun spatbord L / R","EN","NL"
"Extension sleeve","Verlengbus","EN","NL"
"Extension tube","Buis schuifstuk","EN","NL"
"Fan","Ventilator","EN","NL"
"Fastening piece ","Bevestiging ","EN","NL"
"Felt","Zelfklevend vilt","EN","NL"
"Felt ring","Viltring","EN","NL"
"Female stud coupling","Opschroefkoppeling","EN","NL"
"Fender extender ","Spatbordverbreder","EN","NL"
"Ferrules","Draadklem / Pershuls","EN","NL"
"Filling plate","Vulplaat klemelement","EN","NL"
"Filter","Filter","EN","NL"
"Filter air conditioner condenser","Filter aircocondensor","EN","NL"
"Filter bowl","Filterbuis","EN","NL"
"Filter element","Filterelement","EN","NL"
"Fine pitch thread","Metrisch fijn","EN","NL"
"Fire-extinguisher","Brandblusser","EN","NL"
"Fitting","Fitting","EN","NL"
"Fixation rear light on mudguard","Achterlicht","EN","NL"
"Fixing plate","Bevestigingplaat","EN","NL"
"Fixing plate","Borgplaatje ","EN","NL"
"Fixing plate potentiometer steering","Lip potmeter stuurhoek nabewerking","EN","NL"
"Fixing plate steering pointer","Bevestiging stang potmeter voorwielen","EN","NL"
"Fixing support","Bevestiging borden","EN","NL"
"Flange joint","Flensverbinding","EN","NL"
"Flange volt","Flensbout ","EN","NL"
"Flanged lock nut","Borg flensmoer","EN","NL"
"Floater arm  ","Vlotterarm gemonteerd","EN","NL"
"Floater arm assembly","Vlotterarm montagegroep","EN","NL"
"Floater ball","Vlotterbal","EN","NL"
"Flushing valve","Spoelventiel","EN","NL"
"Flywheel","Vliegwiel","EN","NL"
"Foam / insulation","Isolatie","EN","NL"
"Fork / Bracket","Gaffel  ","EN","NL"
"Frame","Frame","EN","NL"
"Frame AC-condenser","Frame condensor","EN","NL"
"Frame extra mounting point","Frame extra ophangpunt","EN","NL"
"Front","Bumper","EN","NL"
"Front axle","Vooras","EN","NL"
"Front tires","Voorbanden","EN","NL"
"Fuel cap","Tankdop","EN","NL"
"Fuel filter","Brandstoffilter","EN","NL"
"Fuel float","Brandstofvlotter ","EN","NL"
"Fuel level sensor","Tankvlotter","EN","NL"
"Fuel tank","Brandstoftank","EN","NL"
"Fuse holder","Zekeringhouder","EN","NL"
"Gas spring","Gasveer","EN","NL"
"Gasket filler neck","Pakking vulhals brandstof","EN","NL"
"Gasket","Pakking","EN","NL"
"Gasket","Pakking ","EN","NL"
"Gates","Rekken","EN","NL"
"Gauge glass","Peilglas  ","EN","NL"
"Gauge plexi","Peilglas plexiglas","EN","NL"
"Gear drive","Plankast","EN","NL"
"Gearbox","Versnellingsbak","EN","NL"
"Gland packing","Vetkoord","EN","NL"
"Gland packing","Vetkoord pakking","EN","NL"
"Grating above exhaust aftertreatment system","Bordes op uitlaat","EN","NL"
"Grease block","Nippelblok","EN","NL"
"Grease distributor","Verdeelblok","EN","NL"
"Grease distributor","Verdeelblok","EN","NL"
"Grease gun","Vulbus vetpot","EN","NL"
"Grease pump","Vetsmeerpomp","EN","NL"
"Greasepot","Vetpot","EN","NL"
"Greasing system","Vetsmeersysteem","EN","NL"
"Grille","Rooster","EN","NL"
"Guide channel","Geleiding groot","EN","NL"
"Guide plate","Geleidingsstrip","EN","NL"
"Guiding bush","Geleidebus ","EN","NL"
"Gutter","Goot uitschuif","EN","NL"
"Gutter ","Groot gelast","EN","NL"
"Handbrake","Handrem ","EN","NL"
"Hardened","Gehard","EN","NL"
"Harvesting unit","Rooisysteem","EN","NL"
"Harvesting turbine","Rooizon","EN","NL"
"Heat shield","Hitteschild","EN","NL"
"Height","Hoogte","EN","NL"
"Hex head bolt","Zeskanttapbout","EN","NL"
"Hex nut","Zeskantmoer","EN","NL"
"Hexagon socket countersunk","Verzonkeninbus","EN","NL"
"Hexagon socket head screw","Inbusbout","EN","NL"
"Hexagon socket screw plug","Afdichtstop inbus","EN","NL"
"Hexagon socket set screw","Stelschroef ","EN","NL"
"High","Hoog","EN","NL"
"High Hex Nut","Zeskantmoer","EN","NL"
"High pressure","Hoge druk","EN","NL"
"High-strength washer","Voorspanring","EN","NL"
"Hinge","Scharnier","EN","NL"
"Hinge ball complet","Kogel compleet","EN","NL"
"Hinge floater","As scharnierpunt","EN","NL"
"Hinge part","Scharnierdeel koppelstuk","EN","NL"
"Hinge piece","Scharnierstuk ","EN","NL"
"Hinge pin","Scharnierpen extra as","EN","NL"
"Hinge strip coupling member","Scharnierlip koppelstuk","EN","NL"
"Hingepoint cylinder","Bevestiging topstang","EN","NL"
"Hitch lift stop idicator mounting plate","Montageplaat hefbegrenzing ","EN","NL"
"Hitch lift stop sensor mounting plate","Montagesteun hefbegrenzing","EN","NL"
"Hole cutter honeycomb","Gatenmes","EN","NL"
"Hook bolt","Haakbout ","EN","NL"
"Horizontal pipe  ","Liggende buis","EN","NL"
"Horn","Claxon","EN","NL"
"Hose","Slang","EN","NL"
"Hose bracket","Slangbeugel","EN","NL"
"Hose carrying hook","Bak slangenbeugel mesttank / Brede slangbeugel","EN","NL"
"Hose clamp","Slangklem","EN","NL"
"Hose clamp","Slangklem","EN","NL"
"Hose connector","Slangverbinder","EN","NL"
"Hose guiding","Slanggeleiding","EN","NL"
"Hose stud ","Indraaistift ","EN","NL"
"Hose tail","Gezaagde tule","EN","NL"
"Hosetails","Slangpilaar","EN","NL"
"Housing","Behuizing","EN","NL"
"Housing","Huis","EN","NL"
"Housing filter","Filterhuis","EN","NL"
"Housing fuel filter","Huis brandstoffilter","EN","NL"
"Housing locating washer","Huisring taatslager","EN","NL"
"Hub","Naaf","EN","NL"
"Hydraulic","Hydrauliek","EN","NL"
"Hydraulic hose","Hydrauliekslang","EN","NL"
"Hydraulic hose","Hydrauliekslang","EN","NL"
"Hydraulic motor ","Hydromotor","EN","NL"
"Hydraulic motor pre-assembly","Voorwielmotor","EN","NL"
"Hydraulic pipe","Buis drukwisselsysteem achter","EN","NL"
"Hydraulic pipe","Remleiding","EN","NL"
"Hydraulic pumps","Hydrauliekpompen","EN","NL"
"Hydraulic rod ends","Aanlaskogel","EN","NL"
"Hydraulic swivel joint","Draaikrans","EN","NL"
"Hydraulic tube","Leiding â€¦","EN","NL"
"Hydraulic valve","Volgorde ventiel zuigarm","EN","NL"
"Hyraulic valve","Drukbeveiliging","EN","NL"
"Indicator","Aanwijzer niveau mesttank","EN","NL"
"Induction sensor","Inductie sensor","EN","NL"
"Industrial water hose","Industriewaterslang","EN","NL"
"Initial element","Beginelement","EN","NL"
"Insulation board / Panneau isolant","Isolatieplaat","EN","NL"
"Intercooler","Intercooler","EN","NL"
"Intercooler pipe","Intercooler leiding","EN","NL"
"Intermediate piece","Tussenstuk","EN","NL"
"Intermediate ring","Tussenschijf schuifstuk","EN","NL"
"Joiner","Verbindingsnippel","EN","NL"
"Joystick","Joystick","EN","NL"
"King pin  ","Fusee pen ","EN","NL"
"Knifegate valve","Mesafsluiter","EN","NL"
"Knifegate valve","Plaatafsluiter","EN","NL"
"Knifeholder ","Meshouder","EN","NL"
"Koper","Koper","EN","NL"
"Koper washer","Koperring","EN","NL"
"Leaf spreader","Bladspreider","EN","NL"
"Left ","Links","EN","NL"
"Length","Lengte","EN","NL"
"Level switch","Niveauschakelaar","EN","NL"
"Levelling box ball end","Hefstang deel boven","EN","NL"
"Levelling box yoke","Hefstang deel onder","EN","NL"
"Lever","Draadplaat verlenging","EN","NL"
"Lid stone catcher","Deksel stenenvanger onder","EN","NL"
"Lift arm","Hefstang","EN","NL"
"Lift arm short type","Korte heflat","EN","NL"
"Lift rod tube","Hefstang buis","EN","NL"
"Lifting beam","Hefjuk","EN","NL"
"Lifting eye","Hijsoog","EN","NL"
"Lifting eye","Hijsoog","EN","NL"
"Lifting eye nut","Oogmoer","EN","NL"
"Lifting system","Rooisysteem","EN","NL"
"Lifting turbine","Rooizon","EN","NL"
"Lighting bar","Lichtbalk / Samenstelling lichtbalk","EN","NL"
"Limit bar","Begrenzingsstaaf ","EN","NL"
"Limitation","Begrenzing","EN","NL"
"Linch pin","Borgpen","EN","NL"
"Lock","Slot ","EN","NL"
"Lock cone","Stop moer","EN","NL"
"Lock nut","Borgmoer","EN","NL"
"Locking","Vergrendeling","EN","NL"
"Locking clip","Borgclip schuif","EN","NL"
"Locking plate","Borgring scharnierstuk / Borgring scharnierpen","EN","NL"
"Locking plate","Borgring stuurpen / Borgring scharnierpen","EN","NL"
"Locking point ","Vergrendelpunt ","EN","NL"
"Locking ring","Borgring","EN","NL"
"Locking sleeve","Vangbus vergrendeling","EN","NL"
"Locknut","Borgmoer","EN","NL"
"Locknut","Wartelmoer","EN","NL"
"Lockwasher","Borgring pen schuifcilinder","EN","NL"
"Low Hex Nut","Lage moer","EN","NL"
"Lower link ball joint ","Schuifstuk kogel","EN","NL"
"Lower link hook ","Schuifstuk vaste hef (haak)","EN","NL"
"Lubricating Nipple","Smeernippel recht","EN","NL"
"Lubrication block lifting device","Verdeelblok hefinrichting","EN","NL"
"Lubrication block sliding part","Verdeelblok schuifdeel","EN","NL"
"Lubrication hose","Smeerslang","EN","NL"
"Lubrication hose guard","Beschermkap smeerleiding","EN","NL"
"Magnet holder","Klemstuk magneet","EN","NL"
"Main switch","Noodstopknop hoofdschakelaar","EN","NL"
"Male standpipe coupling ","Inschroefnippel moer","EN","NL"
"Male stud coupling","Inschroefnippel / Rechte nippel","EN","NL"
"Male stud elbow","Koppeling haaks","EN","NL"
"Manet coil","Magneetspoel","EN","NL"
"Manhole cover","Mangatdeksel","EN","NL"
"Manifold","Aansluiting","EN","NL"
"Manifold","Spruitstuk","EN","NL"
"Manual","Handbediening","EN","NL"
"Manual lever valve","Bedieningshandel","EN","NL"
"Marker lamp","Zijmarkeringslicht ","EN","NL"
"Mechanical seal","Gleitring","EN","NL"
"Mechanical seal holder","Gleitringhouder","EN","NL"
"Middle element","Middelelement","EN","NL"
"Middle section","Middenstuk  ","EN","NL"
"Middle tube","Midden buis","EN","NL"
"Mirror reinforcement","Spiegel versteviging","EN","NL"
"Mirror support","Spiegelsteun","EN","NL"
"Modification","Aanpassing","EN","NL"
"Moisture separator","Onderpot brandstoffilter","EN","NL"
"Mountig strip","Strip bevestiging","EN","NL"
"Mounting bend","Montage persleiding","EN","NL"
"Mounting bracket","Bevestiging schoor ","EN","NL"
"Mounting cylinder ","Bevestigingscilinder","EN","NL"
"Mounting plate","Montageplaat","EN","NL"
"Mounting plate floater balls","Montageplaat vlotterballen","EN","NL"
"Mounting plate plugs wiring harness exhaust","Plaatstekkers kabelboom","EN","NL"
"Mounting plate potentiometer","Arm potmeter vlotter","EN","NL"
"Mounting strip  ","Montagestrip  ","EN","NL"
"Mounting strip splash guard extra axle slurry tank","Montagestrip spatlap extra as","EN","NL"
"Mounting support","Steun bord schuifas","EN","NL"
"Mudflap","Spatlap achterwielen","EN","NL"
"Mudguard ","Spatbord ","EN","NL"
"Mushroom Head Square Neck Bolt","Slotbout","EN","NL"
"Nut","Moer","EN","NL"
"Nut cylinder","Moer geleider draadstang hoogteverstelling scalpeurs","EN","NL"
"Nut hosetail","Moer slangpilaar","EN","NL"
"Oil and petrol resistant","Olie-benzinebestendig","EN","NL"
"Oil cooler  ","Oliekoeler","EN","NL"
"Oil cooler mounted","Montage Oliekoeler","EN","NL"
"Oil fill hose","Olievulslang","EN","NL"
"Oilplug gearbox slurry pump","Stop mestpomp kort","EN","NL"
"Oilplug intermediate chamber slurry pump","Stop mestpomp lang","EN","NL"
"Orifice","Smoring","EN","NL"
"O-ring","O-ring ","EN","NL"
"Overflow hose","Overloopslang ","EN","NL"
"Padlock","Hangslot","EN","NL"
"Parallel key","Inlegspie","EN","NL"
"Piadin tank Trike","Piadin tank","EN","NL"
"Pich thread","Metrisch fijn","EN","NL"
"Piece","Stuk","EN","NL"
"Pigtail gates","Verenrekken","EN","NL"
"Pilot check valve","Gestuurde terugslagklep","EN","NL"
"Pin","Pen","EN","NL"
"Pin hydraulic cylinder","Pen cilinder","EN","NL"
"Pin retainer","Pen beveiliging","EN","NL"
"Pipe clamp","Leidingklem","EN","NL"
"Pipe straight","Buis recht","EN","NL"
"Pipeline filter","Leidingfilter","EN","NL"
"Piston","Zuiger","EN","NL"
"Piston rod","Zuigerstang / Stangcilinder","EN","NL"
"Piston seal","Zuigermanchet","EN","NL"
"Piston set caliper","Zuigerset remklauw","EN","NL"
"Pivot point","Scharnierpunt ","EN","NL"
"Plain bearing","Glijlager","EN","NL"
"Plastic","Kunststof","EN","NL"
"Plastic arm","Kunststof","EN","NL"
"Plastic guide","Geleidestrip","EN","NL"
"Plastic oil pot def.","Oliepotje snijder","EN","NL"
"Plate","Plaat
","EN","NL"
"Plate front signage","Plaat voorkant signalisatie","EN","NL"
"Plate sight hole","Deksel snijderpot","EN","NL"
"Plate signaling","Signalisatie bord","EN","NL"
"Plate tank-bracket","Verbinding tank-montage plaat","EN","NL"
"Plug ","Stop ","EN","NL"
"Plug beaded","Plug","EN","NL"
"Pointer steering","Aanwijzerstang stuuruitslag","EN","NL"
"Position lamp  ","Positie lamp","EN","NL"
"Position light","Positielicht","EN","NL"
"Post-suction valve","Nazuig ventiel","EN","NL"
"Potentiometer ","Potentiometer ","EN","NL"
"Pre-assembled air valve","Luchtklep voormontage","EN","NL"
"Pre-assembly ","Voormontage","EN","NL"
"Press junction ","Persleiding","EN","NL"
"Pressure gauge coupling","Manometerkoppeling ","EN","NL"
"Pressure limiter","Overstortklep","EN","NL"
"Pressure limiting valve","Begrenzingsventiel","EN","NL"
"Pressure relief valve","Overdrukventiel","EN","NL"
"Pressure sensor","Druksensor ","EN","NL"
"Pressure vessel","Centrifugaal droger","EN","NL"
"Primary filter","Hoofdelement luchtfilter ","EN","NL"
"Profil","Profiel","EN","NL"
"Progressive lubricant feeder","Centrale verdeling","EN","NL"
"Propshaft","Cardanas / Schroefas","EN","NL"
"Protection","Bescherming","EN","NL"
"Protection cover","Afdichtplaat ","EN","NL"
"Protection plate","Afschermplaat","EN","NL"
"Push button","Drukknop ","EN","NL"
"Quantofill dosage device Piadini","Dosieranlage piadin","EN","NL"
"Quick A-frame","Snelwissel driehoek / Snelwisselblok","EN","NL"
"Quick coupling","Snelsluiting koppelhuis","EN","NL"
"Quick-release coupling houlder","Snelkoppelinghouder","EN","NL"
"Radial","Radiaal","EN","NL"
"Radial spherical plain bearings","Gewrichtslager","EN","NL"
"Radiator  ","Radiator","EN","NL"
"Radiator tube","Koelleiding","EN","NL"
"Railing","Railing","EN","NL"
"Rain cap","Regenkap","EN","NL"
"Ram folding lifter unit","Cilinder aangedreven extra as","EN","NL"
"Ram hitch","Hefcilinder ","EN","NL"
"Ram integral flap","Cilinder integraalklep","EN","NL"
"Ram levelling front axle","Schommelcilinder met kogels","EN","NL"
"Ram valve","Cilinder klep","EN","NL"
"Rear axle ","Achteras ","EN","NL"
"Rear light housing","Achterlicht behuizing","EN","NL"
"Rear light wired","Achterlicht bekabeld","EN","NL"
"Rear tires","Achterbanden","EN","NL"
"Rear view mirror","Achteruitkijkspiegel","EN","NL"
"Rearwheel","Achterwielen","EN","NL"
"Reduce valve handbrake","Reduceerventiel","EN","NL"
"Reducer ","Verloopstuk / tule","EN","NL"
"Reducer hose connector","Verlooptule","EN","NL"
"Reducing","Verloop ","EN","NL"
"Reducing adapter","Verloopstuk terugslagklep","EN","NL"
"Reducing bushing","Verloopring","EN","NL"
"Reducing coupling ","Verloopkoppeling","EN","NL"
"Reducing flange","Tussenflens ","EN","NL"
"Reducing nipple","Verloopnippel","EN","NL"
"Reducing socket","Verloop","EN","NL"
"Reflector","Reflector","EN","NL"
"Reinforcement plate","Verstevegingsstrip","EN","NL"
"Reinforcement strip","Verstevigingsstrip ","EN","NL"
"Restrictor one-way valve","Verstelbare smoring","EN","NL"
"Retaining valve / Non return valve","Terugslagklep","EN","NL"
"Return  ","Retour ","EN","NL"
"Return filter","Retourfilter","EN","NL"
"Reversing light","Achteruitrijlicht","EN","NL"
"Reversing valve cooler","Omkeerventiel","EN","NL"
"Right","Rechts","EN","NL"
"Rim front axle","Voorvelg ","EN","NL"
"Rim hub","Vlegnaaf slanggeleider","EN","NL"
"Rim rear axle ","Achtervelg ","EN","NL"
"Rim with bearing","Velg met lager","EN","NL"
"Ring / Gasket ","Tussenflens","EN","NL"
"Ring elevator","Rondgaande band","EN","NL"
"Ring elevator","rondgaande band","EN","NL"
"Ring fuel level sensor - filler neck","Montagering niveausensor","EN","NL"
"Rod ","Vork","EN","NL"
"Rod end","Aanlaskogel","EN","NL"
"Rod guide","Stanggeleider","EN","NL"
"Rod manual","Spindel afsluiter","EN","NL"
"Rod seal / Plastic seal","Stangafdichting","EN","NL"
"Rosta tensioners","Rostaspanner","EN","NL"
"Rows","Rijen","EN","NL"
"Rubber","Rubber","EN","NL"
"Rubber door holder","Trapvanger","EN","NL"
"Rubber flap behind engine","Isolatie rubber motor","EN","NL"
"Rubber part coupling","Kunstofster","EN","NL"
"Rubber seal","Rubber schuifstuk","EN","NL"
"Rubber sealmanhole","Afdichtrubber mangat","EN","NL"
"Safety element","Veiligheidselement","EN","NL"
"Safety hook","Vanghaak ","EN","NL"
"Safety locking plate","Borgplaatje leidingblok","EN","NL"
"Scalper","Scalper","EN","NL"
"Scalpers","Scalpeurs","EN","NL"
"Scraper","Schraper","EN","NL"
"Scraper","Schraper","EN","NL"
"Screw support","Schroefsteun","EN","NL"
"Seal ring","Spec. Afd. mesafsl.","EN","NL"
"Sealing plate","Afdichtplaat ","EN","NL"
"Sealing plug","Afdichtplug ","EN","NL"
"Sealing profile ","Afdichtprofiel","EN","NL"
"Seamless Pipe","Busje pompstoel bovenbouw","EN","NL"
"Seat ring","Zittingring","EN","NL"
"Securing strap","Klemband","EN","NL"
"Security","Veiligheid ","EN","NL"
"Sequence valve","Volgordeventiel haak","EN","NL"
"Serrated knob","Kartelknop","EN","NL"
"Shaft seal ring","Keerring","EN","NL"
"Shielding plate","Afschermplaat","EN","NL"
"Shifting axle","Schuifas","EN","NL"
"Shim","Vulplaat stab. blok","EN","NL"
"Shim ring","Shim","EN","NL"
"Shim washer wheel bolt poclain","Vulring wielbout poclain","EN","NL"
"Shock absorber","Schokdemper","EN","NL"
"Shury pump","Pompstoel","EN","NL"
"Shuttle valve","Wisselklep","EN","NL"
"Shutt-offvalve","Sperventiel","EN","NL"
"Side","Zijkant","EN","NL"
"Side plates","Zijplaten","EN","NL"
"Signaling board","Signalisatie bord","EN","NL"
"Silentblock","trillingsdemper","EN","NL"
"Silicone","Siliconen","EN","NL"
"Single Y-piece","Insteekkoppeling type Y","EN","NL"
"Slam lock","Pen sluiting ","EN","NL"
"Sleeve","Huls","EN","NL"
"Slewing bearings","Lagerkrans","EN","NL"
"Slide","Schuif","EN","NL"
"Sliding cylinder ","Schuifcilinder","EN","NL"
"Sliding piece","Schuifstuk","EN","NL"
"Sliding tube","Schuifkoker slanggeleider","EN","NL"
"Slotted cheese head screw","Bout zaagsleuf","EN","NL"
"Slurry distributor","Snijderpot / Snijder afbouwmontage","EN","NL"
"Slurry pump","Mestpomp","EN","NL"
"Socket and spigot joint","Luchtkoppeling recht","EN","NL"
"Socket - welding fitting","Lassok","EN","NL"
"Socket and spigot joint","Rechte koppeling","EN","NL"
"Solenoid","Spoel","EN","NL"
"Spacer","Afstandsring","EN","NL"
"Spacer cooling water-intercooling pipes","Water- en luchtkoelingsbuis","EN","NL"
"Spacer ring","Afstandsring ","EN","NL"
"Speed limiter","Snelheidsbegrenzer","EN","NL"
"Speednut","Plaatmoer","EN","NL"
"Spherical plain bearings","Gewrichtslager","EN","NL"
"Spiral hose","Spiraalslang ","EN","NL"
"Split flange","Flenshelft","EN","NL"
"Split Pin","Split Pin","EN","NL"
"Spool valves slurry circuit","Ventielenblok mestcircuit","EN","NL"
"Spraying","Spuiten","EN","NL"
"Spring","Veer","EN","NL"
"Spring retaining","Seegerring","EN","NL"
"Spring washer","Veerring","EN","NL"
"Springbandclip","Springbandclip","EN","NL"
"Spring-type straight pin","Spanstift","EN","NL"
"Square flange with hose adapter","Slangtule","EN","NL"
"Stabiliser","Stabilisator","EN","NL"
"Stabiliser support","Stabilisatorsteun","EN","NL"
"Stabilization","Stabilisatie","EN","NL"
"Stabilization aid","Stabilisatie steun ","EN","NL"
"Stabilization wheel","Wiel stabilisatieas","EN","NL"
"Stacking bolt","Stapelbout","EN","NL"
"Starter ring","Starterkrans","EN","NL"
"Steering angle","Stuurhoek","EN","NL"
"Steering arm","Voorvork met stuurpennen","EN","NL"
"Steering cylinder","Stuurcilinder ","EN","NL"
"Steering cylinder supporter","Gaffel stuurcilinder met kogel ","EN","NL"
"Steering knuckle","Fuseepen","EN","NL"
"Steering ram","Stuurcilinder","EN","NL"
"Steering stroke","Stuuruitslag","EN","NL"
"Stepseal","Stepseal","EN","NL"
"Sticker","Sticker","EN","NL"
"Stiebel Gearbox","Striebelkast ","EN","NL"
"Stone catcher","Stenenvanger","EN","NL"
"Stop alarm suction bracket","Aanslag alarm zuigarm","EN","NL"
"Stop block","Stabilisatieblok","EN","NL"
"Stop extension arm","Aanslag schuifstuk","EN","NL"
"Stopper swivel joint","Aanslag draaikrans","EN","NL"
"Straight bulk head coupling","Schotkoppeling ","EN","NL"
"Straight coupling","Verbindingskoppeling","EN","NL"
"Straight female swivel","Verbindingspijp","EN","NL"
"Street elbow","Bocht","EN","NL"
"Strip","Bezinkstrip","EN","NL"
"Stud bolt","Draadeind","EN","NL"
"Suction","Aanzuig","EN","NL"
"Suction arm","Zuigarm","EN","NL"
"Suction hose","Zuigslang","EN","NL"
"Suction hose quick change","Zuigslang snelwissel","EN","NL"
"Suction tube","Aanzuigslang","EN","NL"
"Suction tube to for over pump","Aanzuigbuis naar voor overpomp","EN","NL"
"Support","Steun","EN","NL"
"Support / Bracket","Bevestiging","EN","NL"
"Support chassis","Chassissteun","EN","NL"
"Support frame","Ophangframe","EN","NL"
"Support grating above exhast","Steun bordes uitlaat","EN","NL"
"Support leg","Steunpoot","EN","NL"
"Support sensor","Houder magnetische sensor","EN","NL"
"Support suction tube","Bevestiging aanzuigbuis","EN","NL"
"Support tubes","Slanggoot ","EN","NL"
"Surface treatment","Oppervlaktebehandeling","EN","NL"
"Swivel","Fusee","EN","NL"
"Swivel flange hydraulic ram","Bevestigingsbeugel cilinder","EN","NL"
"Swivel nut","Leidingmoer","EN","NL"
"Swivling axle","Schommelas","EN","NL"
"T coupling","T-koppeling","EN","NL"
"Tank","Tank","EN","NL"
"Tank lid","Tankdeksel","EN","NL"
"Tapered Roller Bearing","Conische rollager","EN","NL"
"Tapping screw","Kruiskop","EN","NL"
"Temperature sensor","Temperatuursensor","EN","NL"
"Tension member","Trekstang","EN","NL"
"Tension sleeve","Spanbus","EN","NL"
"Terminal block","Klemblokje in afsluiter","EN","NL"
"Thread rod","Draadeind","EN","NL"
"Tie rod","Spoorstang","EN","NL"
"Tires","Banden","EN","NL"
"Toolbox","Gereedschapskist","EN","NL"
"Toothed ring","Tandring","EN","NL"
"Top link","Topstang","EN","NL"
"Top plate","Bevestiging cilinders schuifas","EN","NL"
"Toplink spindle","Topstangspindel","EN","NL"
"Toplink Tube","Topstangbuis","EN","NL"
"Topper","Ontbladeraar","EN","NL"
"Torque hinge","Frictiescharnier","EN","NL"
"Transition part stone filter","Verloopflens stenenvanger","EN","NL"
"Triangular","Driehoek","EN","NL"
"Tube","Buis","EN","NL"
"Tube extension arm","Buis zuigarm","EN","NL"
"Tube hose guide","Koker slanggeleider ","EN","NL"
"Turbine","Zon","EN","NL"
"Turbocharger adapter piece","Opzetstuk turbo ","EN","NL"
"Turntable / Swivel","Draaikoppeling","EN","NL"
"U seal","U-manchet","EN","NL"
"Upper cover / Cap","Bovenkap ","EN","NL"
"Upper part inverse suction carne","Beugel zuigarm ","EN","NL"
"Upper ram","Cilinder  boven","EN","NL"
"U-type coupling","U-connector koelwaterslang","EN","NL"
"Vacuator valve","Ontluchtingsfilter","EN","NL"
"Valve","Afsluiter","EN","NL"
"Valve cutting unit","Ventiel snijder","EN","NL"
"Valve damping","Ventiel hefdemping","EN","NL"
"Valve RVS","RVS afsluiter-Cilinder","EN","NL"
"V-band clamp","V-bandklem","EN","NL"
"V-clamp","Uitlaatklem","EN","NL"
"Velocity","Snelheid ","EN","NL"
"Vertical pipe","Staande buis","EN","NL"
"Warning sign","Markeringsbord ","EN","NL"
"Washer","Sluitring","EN","NL"
"Waterseperator","Waterafscheider","EN","NL"
"Wear plate","Slijtplaat","EN","NL"
"Wearing strip","Slijtstrip","EN","NL"
"Weight","Gewicht","EN","NL"
"Welding assembly","Lassamenstelling  ","EN","NL"
"Weld-on ring ram hitch","Aanlasring hefcilinder","EN","NL"
"Wheel","Wiel","EN","NL"
"Wheel stud","Wielbout ","EN","NL"
"Wheel chock","Wielkeg","EN","NL"
"Wheel drive","Wielkast","EN","NL"
"Wheel motor","Wielmotor","EN","NL"
"Wheel nut","Wielmoer","EN","NL"
"Wheelmotor","Wielmotor","EN","NL"
"Wheels","Wielen","EN","NL"
"White","Wit","EN","NL"
"Wide view mirror","Groothoekspiegel","EN","NL"
"Width  ","Breedte","EN","NL"
"Width light","Breedte licht","EN","NL"
"Windscreen washer","Ruitensproeier","EN","NL"
"Wire bush","Bus opspannen dichting","EN","NL"
"Wire rope","Staalkabel","EN","NL"
"Wiring harness","Kabelboom","EN","NL"
"Working width","Werkbreedte","EN","NL"
"Worklight","Verlichting","EN","NL"
"Zunhammer coupling hose","Koppelstuk Zunhamer","EN","NL"
"Toplink","Topstang","EN","NL"
